tconst	averageRating	numVotes
tt0012349	8.2	134855
tt0013442	7.9	105467
tt0015864	8.1	118668
tt0017136	8.3	185575
tt0021749	8.5	196085
tt0022100	8.3	168505
tt0025316	8.1	112298
tt0027977	8.5	259542
tt0029583	7.6	215507
tt0031381	8.2	334375
tt0031679	8.1	121413
tt0032138	8.1	428753
tt0032455	7.7	104003
tt0032553	8.4	237412
tt0032910	7.5	159905
tt0032976	8.1	146781
tt0033467	8.3	466079
tt0033563	7.2	142116
tt0033870	8.0	166610
tt0034492	7.3	154129
tt0034583	8.5	606167
tt0036775	8.3	167506
tt0038650	8.6	499255
tt0038787	7.9	107295
tt0040522	8.3	175205
tt0040746	7.9	153707
tt0040897	8.2	132454
tt0041959	8.1	181870
tt0042192	8.2	138799
tt0042332	7.3	174014
tt0042876	8.2	180530
tt0043014	8.4	236514
tt0043274	7.3	154100
tt0044079	7.9	141050
tt0044081	7.9	114377
tt0044706	8.0	110206
tt0045152	8.3	260737
tt0046183	7.3	153148
tt0046250	8.0	147677
tt0046912	8.2	188867
tt0047296	8.1	164959
tt0047396	8.5	522235
tt0047478	8.6	366937
tt0048280	7.3	148513
tt0050083	9.0	865469
tt0050212	8.1	233358
tt0050825	8.4	212322
tt0050976	8.1	198521
tt0050986	8.1	115007
tt0051201	8.4	137907
tt0052311	8.0	109828
tt0052357	8.3	427060
tt0052618	8.1	253716
tt0053125	8.3	346277
tt0053198	8.1	128097
tt0053285	7.2	160924
tt0053291	8.2	283605
tt0053604	8.3	196908
tt0054047	7.7	102568
tt0054215	8.5	718500
tt0054331	7.9	143243
tt0054698	7.6	192196
tt0055254	7.3	182289
tt0055614	7.6	121223
tt0055630	8.2	131392
tt0055928	7.2	179452
tt0056172	8.3	314467
tt0056193	7.5	108828
tt0056592	8.3	332960
tt0056801	8.0	125228
tt0056869	7.6	204575
tt0057012	8.4	518413
tt0057076	7.3	145401
tt0057115	8.2	258983
tt0057546	7.1	106510
tt0058150	7.7	202606
tt0058331	7.8	186095
tt0058385	7.7	101836
tt0058461	7.9	232785
tt0059578	8.2	274766
tt0059742	8.1	261141
tt0059800	6.9	127129
tt0060196	8.8	811485
tt0060827	8.1	130965
tt0061418	7.7	120640
tt0061512	8.1	188580
tt0061722	8.0	288489
tt0061852	7.6	198723
tt0062512	6.8	117570
tt0062622	8.3	719766
tt0063350	7.8	139184
tt0063442	8.0	193385
tt0063522	8.0	235280
tt0064115	8.0	226765
tt0064116	8.5	349168
tt0064276	7.2	116971
tt0064665	7.8	120873
tt0065421	7.1	114768
tt0066206	7.9	107977
tt0066921	8.3	881528
tt0066995	6.5	114175
tt0066999	7.7	168339
tt0067116	7.7	135746
tt0067992	7.8	227428
tt0068473	7.7	119298
tt0068646	9.2	2013290
tt0070034	7.6	113018
tt0070047	8.1	455119
tt0070328	6.7	115512
tt0070379	7.2	119695
tt0070511	8.0	138409
tt0070608	7.5	138951
tt0070666	7.7	134857
tt0070735	8.3	279981
tt0071230	7.7	152543
tt0071315	8.1	349957
tt0071360	7.7	121912
tt0071562	9.0	1364674
tt0071807	6.7	113101
tt0071853	8.2	570411
tt0072271	7.4	183714
tt0072431	8.0	168932
tt0072500	8.8	100179
tt0072684	8.1	183138
tt0072890	8.0	273134
tt0073195	8.1	659671
tt0073486	8.7	1072668
tt0073629	7.4	166981
tt0074119	7.9	126090
tt0074285	7.4	206742
tt0074486	7.3	127521
tt0074958	8.1	170701
tt0075005	7.5	132627
tt0075148	8.1	628625
tt0075314	8.2	921085
tt0075686	8.0	278486
tt0075860	7.6	216953
tt0076752	7.0	116297
tt0076759	8.6	1450057
tt0076786	7.3	105477
tt0077402	7.8	128637
tt0077416	8.1	362328
tt0077631	7.2	300672
tt0077651	7.7	306876
tt0077975	7.4	129368
tt0078346	7.4	187583
tt0078748	8.5	951256
tt0078788	8.4	710498
tt0079116	7.6	147481
tt0079417	7.8	154761
tt0079470	8.0	421903
tt0079501	6.8	222475
tt0079522	7.8	147306
tt0079574	6.2	108828
tt0079817	7.3	231311
tt0079944	8.1	144809
tt0080120	7.5	110728
tt0080339	7.7	261210
tt0080455	7.9	214539
tt0080487	7.2	127206
tt0080678	8.2	258530
tt0080684	8.7	1380191
tt0080761	6.4	157499
tt0081398	8.1	380348
tt0081505	8.4	1107114
tt0081573	6.8	114660
tt0082010	7.5	120569
tt0082096	8.4	264403
tt0082198	6.9	162554
tt0082340	7.1	157579
tt0082398	6.7	108321
tt0082406	7.2	101961
tt0082495	6.5	101728
tt0082694	7.6	193780
tt0082971	8.4	1037109
tt0083658	8.1	823335
tt0083866	7.9	437676
tt0083907	7.4	232466
tt0083929	7.1	115800
tt0083944	7.7	275667
tt0083987	8.0	240224
tt0084516	7.3	179632
tt0084602	6.8	211283
tt0084726	7.7	129244
tt0084787	8.2	466846
tt0084805	7.4	114701
tt0084827	6.7	129335
tt0085334	7.9	168632
tt0085794	7.8	119228
tt0085959	7.5	125348
tt0085995	7.3	120154
tt0086034	6.5	113011
tt0086190	8.3	1121734
tt0086250	8.3	916854
tt0086465	7.5	165855
tt0086541	7.2	103030
tt0086567	7.1	110794
tt0086879	8.4	428194
tt0086960	7.4	203373
tt0086979	7.5	105311
tt0087182	6.3	179607
tt0087332	7.8	450410
tt0087363	7.3	247871
tt0087469	7.5	535414
tt0087538	7.3	244567
tt0087544	8.0	182605
tt0087800	7.4	262602
tt0087843	8.3	377843
tt0087884	8.1	119050
tt0087928	6.7	137469
tt0088011	6.9	103353
tt0088128	7.0	126401
tt0088247	8.1	924501
tt0088258	7.9	147389
tt0088323	7.3	157006
tt0088763	8.5	1307339
tt0088846	7.9	211270
tt0088847	7.8	436689
tt0088930	7.2	109351
tt0088944	6.7	174949
tt0089218	7.7	298502
tt0089530	6.2	147701
tt0089880	6.5	182553
tt0089881	8.2	136243
tt0089927	6.9	226488
tt0090264	6.3	104932
tt0090329	7.4	104696
tt0090555	6.6	115496
tt0090605	8.4	763350
tt0090728	7.2	154058
tt0090756	7.7	215779
tt0091042	7.8	386592
tt0091064	7.6	201995
tt0091203	7.0	147498
tt0091369	7.3	149635
tt0091605	7.7	117287
tt0091763	8.1	439654
tt0092005	8.1	441772
tt0092067	8.0	182430
tt0092099	6.9	502829
tt0092400	8.1	111145
tt0092455	8.7	136124
tt0092644	6.5	130545
tt0092890	7.0	256506
tt0092965	7.7	134344
tt0092991	7.7	181976
tt0093058	8.3	790660
tt0093105	7.3	153870
tt0093177	6.9	140584
tt0093389	7.7	111535
tt0093409	7.6	276440
tt0093428	6.7	105876
tt0093437	7.2	161225
tt0093748	7.6	160311
tt0093773	7.8	455034
tt0093779	8.0	451056
tt0093822	7.3	150410
tt0093870	7.6	283228
tt0093894	6.6	167780
tt0094012	7.1	206613
tt0094226	7.8	330895
tt0094291	7.3	165211
tt0094625	8.0	205314
tt0094721	7.5	340258
tt0094737	7.3	240038
tt0094862	6.7	116791
tt0094898	7.1	223642
tt0095016	8.2	945854
tt0095159	7.5	153958
tt0095327	8.5	310598
tt0095647	7.8	111085
tt0095705	7.6	185052
tt0095765	8.5	283018
tt0095953	8.0	546758
tt0095956	5.8	140229
tt0096061	6.9	116446
tt0096256	7.2	145538
tt0096283	8.1	380431
tt0096320	6.2	137316
tt0096438	7.7	216920
tt0096446	7.2	129911
tt0096657	8.6	133590
tt0096697	8.7	436047
tt0096754	7.5	193458
tt0096874	7.8	572783
tt0096895	7.5	404366
tt0096928	6.9	141704
tt0096969	7.2	115993
tt0097165	8.1	546343
tt0097216	8.0	112459
tt0097239	7.3	117582
tt0097351	7.5	128159
tt0097428	6.6	224897
tt0097441	7.8	144484
tt0097493	7.2	115917
tt0097523	6.4	166381
tt0097576	8.2	811138
tt0097733	7.3	188895
tt0097742	6.7	112113
tt0097757	7.6	291063
tt0097814	7.8	165615
tt0097958	7.5	220153
tt0098084	6.5	115066
tt0098206	6.7	100926
tt0098439	6.4	113621
tt0098554	7.1	107760
tt0098635	7.7	242822
tt0098800	7.9	144722
tt0098904	8.9	351670
tt0098936	8.8	215504
tt0099077	7.8	158813
tt0099088	7.4	481006
tt0099348	8.0	290757
tt0099423	7.1	383176
tt0099487	7.9	523981
tt0099653	7.1	236045
tt0099674	7.6	424210
tt0099685	8.7	1257796
tt0099700	6.4	112877
tt0099785	7.7	652969
tt0099810	7.5	214812
tt0099864	6.8	140910
tt0099871	7.4	117923
tt0099938	6.2	162743
tt0100150	7.7	142178
tt0100157	7.8	235676
tt0100403	6.3	182670
tt0100405	7.1	362628
tt0100507	5.4	150659
tt0100758	6.8	104852
tt0100802	7.5	354691
tt0100814	7.1	150591
tt0100935	7.2	101004
tt0101272	6.9	180019
tt0101410	7.6	128990
tt0101414	8.0	479757
tt0101507	7.8	154689
tt0101540	7.3	216751
tt0102057	6.8	273309
tt0102059	6.7	116666
tt0102138	8.0	169965
tt0102266	7.0	112088
tt0102510	6.9	122257
tt0102685	7.3	202379
tt0102798	6.9	208458
tt0102926	8.6	1548722
tt0103064	8.6	1174484
tt0103074	7.6	173253
tt0103359	9.0	117084
tt0103639	8.0	467056
tt0103644	6.4	319514
tt0103772	7.1	219219
tt0103776	7.1	327563
tt0103855	6.4	147726
tt0103873	7.5	103325
tt0103874	7.4	238513
tt0103919	6.7	100177
tt0104070	6.6	131392
tt0104257	7.7	287440
tt0104348	7.7	116280
tt0104431	6.9	402623
tt0104652	7.7	102159
tt0104691	7.7	187721
tt0104694	7.3	121094
tt0104714	6.7	178556
tt0104797	7.7	102052
tt0104952	7.6	140630
tt0105112	6.8	120470
tt0105236	8.3	1088555
tt0105323	8.0	329004
tt0105417	6.5	108431
tt0105665	7.3	105217
tt0105695	8.2	436296
tt0105793	7.0	170969
tt0106179	8.6	249942
tt0106220	6.8	109630
tt0106308	7.4	194410
tt0106489	7.8	161209
tt0106519	7.9	232445
tt0106582	6.5	139997
tt0106611	7.0	113788
tt0106677	7.6	199658
tt0106697	6.7	193418
tt0106856	7.6	206734
tt0106918	6.9	147740
tt0106977	7.8	318773
tt0107048	8.0	685280
tt0107120	6.9	155964
tt0107206	7.2	113764
tt0107207	8.1	187159
tt0107290	8.2	1067523
tt0107362	6.5	163882
tt0107614	7.1	291072
tt0107688	7.9	375224
tt0107818	7.7	258158
tt0107977	6.7	136901
tt0108037	7.8	102424
tt0108052	9.0	1451275
tt0108160	6.8	190930
tt0108358	7.8	166367
tt0108394	7.8	110530
tt0108399	7.9	242565
tt0108550	7.7	254148
tt0108778	8.9	1088575
tt0109040	6.9	325231
tt0109444	6.9	107952
tt0109445	7.7	232410
tt0109506	7.5	203256
tt0109686	7.3	412397
tt0109707	7.8	184002
tt0109830	8.8	2257995
tt0109831	7.1	166204
tt0110148	7.5	347602
tt0110322	7.5	183159
tt0110357	8.5	1142769
tt0110413	8.5	1246280
tt0110475	6.9	420957
tt0110478	7.0	119095
tt0110622	6.5	111911
tt0110632	7.2	251861
tt0110912	8.9	2221090
tt0111070	6.6	133435
tt0111161	9.3	2889803
tt0111257	7.3	392049
tt0111282	7.0	205153
tt0111495	8.1	110040
tt0111503	7.3	281060
tt0112281	6.4	233612
tt0112384	7.7	315691
tt0112431	6.9	134154
tt0112442	6.8	286513
tt0112461	7.3	121071
tt0112462	5.4	266637
tt0112471	8.1	339433
tt0112508	6.3	156648
tt0112573	8.3	1091632
tt0112641	8.2	564146
tt0112642	6.2	146862
tt0112697	6.9	245993
tt0112740	7.3	123368
tt0112817	7.5	103103
tt0112818	7.5	101802
tt0112851	7.1	197704
tt0112864	7.6	408262
tt0113101	6.7	111112
tt0113118	7.2	124611
tt0113189	7.2	270280
tt0113247	8.1	196547
tt0113277	8.3	719657
tt0113492	5.6	124965
tt0113497	7.1	377018
tt0113568	7.9	156948
tt0113627	7.5	134712
tt0113749	7.0	128887
tt0113855	5.8	124655
tt0114069	6.6	137811
tt0114148	6.7	203077
tt0114214	6.5	102893
tt0114369	8.6	1799683
tt0114388	7.7	125772
tt0114709	8.3	1068895
tt0114746	8.0	646850
tt0114814	8.5	1145746
tt0114898	6.3	210010
tt0114924	6.8	114038
tt0115433	5.7	117585
tt0115685	7.2	100666
tt0115759	6.1	105253
tt0115798	6.1	178141
tt0115963	6.4	107755
tt0116136	6.4	101812
tt0116209	7.4	201061
tt0116213	6.2	118405
tt0116282	8.1	726917
tt0116367	7.2	340764
tt0116483	7.0	248679
tt0116583	7.0	171732
tt0116629	7.0	605843
tt0116695	7.3	287105
tt0116705	5.7	116169
tt0116922	7.6	153248
tt0116996	6.4	243591
tt0117008	7.0	174672
tt0117060	7.2	470428
tt0117218	5.7	123696
tt0117318	7.3	100750
tt0117381	7.7	247184
tt0117438	6.7	135508
tt0117500	7.4	358234
tt0117509	6.7	244854
tt0117571	7.4	388571
tt0117665	7.5	237613
tt0117705	6.5	213553
tt0117731	7.6	132088
tt0117913	7.5	181716
tt0117951	8.1	725842
tt0117998	6.5	213710
tt0118276	8.3	159794
tt0118421	8.7	106706
tt0118480	8.4	101427
tt0118571	6.5	210156
tt0118583	6.2	263525
tt0118615	4.9	112050
tt0118617	7.1	136081
tt0118655	7.0	257244
tt0118688	3.8	268185
tt0118689	6.5	110874
tt0118694	8.1	166946
tt0118715	8.1	860599
tt0118749	7.9	282144
tt0118799	8.6	743418
tt0118842	7.2	143830
tt0118880	6.9	319362
tt0118883	6.7	107261
tt0118884	7.5	293186
tt0118887	7.0	106423
tt0118929	7.6	212349
tt0118971	7.5	402040
tt0118998	5.4	102146
tt0119008	7.7	332359
tt0119081	6.6	197241
tt0119094	7.3	401012
tt0119116	7.6	506466
tt0119164	7.2	114134
tt0119174	7.7	429551
tt0119177	7.7	323320
tt0119217	8.3	1068584
tt0119282	7.3	255267
tt0119303	4.6	127262
tt0119345	5.8	158144
tt0119395	6.4	124194
tt0119396	7.5	375131
tt0119488	8.2	618005
tt0119528	6.9	333522
tt0119567	6.5	444176
tt0119643	7.2	264918
tt0119654	7.3	613122
tt0119698	8.3	433892
tt0119738	6.3	155457
tt0119822	7.7	318512
tt0120082	6.3	209807
tt0120102	7.1	155997
tt0120184	6.1	112524
tt0120188	7.1	180510
tt0120201	7.3	321289
tt0120338	7.9	1280866
tt0120347	6.5	204716
tt0120363	7.9	619864
tt0120382	8.2	1196959
tt0120484	6.1	178433
tt0120586	8.5	1186598
tt0120587	6.5	164094
tt0120591	6.7	450947
tt0120601	7.7	353426
tt0120611	7.1	299062
tt0120616	7.1	461288
tt0120623	7.2	314602
tt0120630	7.1	212305
tt0120632	6.7	127801
tt0120647	6.2	190428
tt0120655	7.3	228702
tt0120657	6.6	132138
tt0120660	7.3	258988
tt0120663	7.5	375271
tt0120667	5.7	343933
tt0120669	7.5	301597
tt0120681	6.7	164243
tt0120685	5.4	203624
tt0120689	8.6	1407913
tt0120735	8.1	616464
tt0120737	8.9	2007781
tt0120744	6.5	178849
tt0120746	6.8	197832
tt0120755	6.1	377819
tt0120762	7.7	316609
tt0120768	7.3	154997
tt0120783	6.6	154889
tt0120784	7.1	145755
tt0120789	7.5	136346
tt0120794	7.2	146429
tt0120804	6.6	288532
tt0120812	7.0	294797
tt0120815	8.6	1496938
tt0120855	7.3	247321
tt0120863	7.6	199645
tt0120873	6.6	113394
tt0120888	6.9	162363
tt0120889	7.0	114436
tt0120890	6.6	130811
tt0120891	4.9	167317
tt0120902	7.0	110194
tt0120903	7.3	646774
tt0120907	6.8	107239
tt0120912	6.2	403797
tt0120915	6.5	856721
tt0120917	7.4	225584
tt0121164	7.4	298907
tt0121765	6.6	759158
tt0121766	7.6	845700
tt0121955	8.7	406067
tt0122151	6.6	172281
tt0122690	7.2	195210
tt0122718	6.3	105751
tt0122933	6.7	161715
tt0123755	7.1	247696
tt0124315	7.4	104823
tt0125439	7.2	342379
tt0125664	7.4	137506
tt0126029	7.9	734444
tt0126886	7.3	104566
tt0127536	7.4	105146
tt0128442	7.3	160199
tt0128445	7.6	198029
tt0128853	6.7	229733
tt0129167	8.1	227569
tt0129290	6.8	122331
tt0129387	7.1	328954
tt0130827	7.7	207033
tt0133093	8.7	2053985
tt0133152	5.7	229222
tt0133240	7.2	133101
tt0133751	6.6	135151
tt0134084	5.6	164103
tt0134119	7.4	243332
tt0134273	6.6	142767
tt0134847	7.0	253032
tt0137494	6.3	123931
tt0137523	8.8	2324949
tt0138097	7.1	234379
tt0138524	6.3	101865
tt0138704	7.3	186483
tt0138749	6.9	107493
tt0139134	6.8	205230
tt0139654	7.7	473036
tt0140352	7.8	180255
tt0141842	9.2	471671
tt0142342	6.4	234278
tt0142688	6.7	197549
tt0143145	6.4	210006
tt0144084	7.6	716020
tt0144117	7.6	250744
tt0145487	7.4	880116
tt0145660	6.7	248911
tt0145681	6.7	185043
tt0146316	5.8	219007
tt0146675	5.8	116742
tt0146838	6.9	125910
tt0146882	7.4	189807
tt0147800	7.3	385501
tt0149261	5.9	142594
tt0149460	8.5	261048
tt0151804	7.6	287682
tt0154506	7.4	101786
tt0155267	6.8	100612
tt0158983	7.7	215018
tt0159097	7.2	169270
tt0159206	7.3	143007
tt0159273	6.4	112901
tt0159365	7.2	156109
tt0160127	5.6	196343
tt0160862	5.9	103848
tt0161081	6.6	135760
tt0162222	7.8	638885
tt0162346	7.3	126851
tt0162661	7.3	383985
tt0163025	5.9	341121
tt0163187	5.6	104526
tt0163651	7.0	433908
tt0163978	6.6	253794
tt0164052	5.8	138441
tt0164184	6.4	124433
tt0164912	6.0	149073
tt0165598	8.1	189372
tt0166924	7.9	383965
tt0167190	6.8	350156
tt0167260	9.0	1979849
tt0167261	8.8	1784427
tt0167404	8.2	1051666
tt0168629	7.9	116819
tt0169102	8.1	120702
tt0169547	8.3	1211268
tt0170016	6.3	291559
tt0171804	7.5	103305
tt0172156	6.6	267331
tt0172493	7.3	211412
tt0172495	8.5	1620781
tt0174856	7.6	102505
tt0175142	6.3	286792
tt0175880	8.0	328586
tt0177789	7.4	178269
tt0177971	6.5	177992
tt0180093	8.3	899041
tt0181689	7.6	584515
tt0181852	6.3	418615
tt0181865	7.6	219779
tt0181875	7.9	293501
tt0182576	8.1	364387
tt0182789	6.9	124719
tt0183505	6.6	251310
tt0183649	7.1	285844
tt0183790	7.0	201801
tt0184894	6.6	135253
tt0185125	7.8	102906
tt0185431	5.3	112563
tt0185906	9.4	527567
tt0185937	6.5	285679
tt0186151	7.4	115775
tt0187078	6.5	294757
tt0187393	7.2	293567
tt0187738	6.7	234487
tt0190138	6.7	129191
tt0190332	7.9	281665
tt0190590	7.7	330933
tt0193676	8.8	153291
tt0195685	7.4	221442
tt0195714	6.7	279605
tt0196229	6.5	291991
tt0198781	8.1	979194
tt0200465	7.2	189204
tt0200550	5.7	120954
tt0203009	7.6	299410
tt0203019	7.2	125163
tt0203259	8.1	125073
tt0204946	6.1	105789
tt0206512	8.2	111420
tt0206634	7.9	529534
tt0207201	6.4	222395
tt0208092	8.2	911172
tt0209144	8.4	1323305
tt0209163	6.4	346017
tt0209958	6.4	109125
tt0210945	7.8	231993
tt0211915	8.3	794388
tt0212338	7.0	355234
tt0212346	6.3	230378
tt0212671	8.2	142618
tt0212720	7.2	323099
tt0212985	6.8	293251
tt0213149	6.2	351897
tt0213338	8.9	138975
tt0213847	7.4	112040
tt0214341	8.8	147862
tt0215129	6.5	178315
tt0215750	7.5	277678
tt0216216	5.9	127950
tt0217505	7.5	473064
tt0217869	7.3	441968
tt0218967	6.8	119408
tt0221027	7.5	275110
tt0223897	7.2	123899
tt0227445	6.8	134145
tt0227538	5.6	127383
tt0230011	6.9	134130
tt0230030	6.1	112274
tt0230600	7.6	393339
tt0232500	6.8	419704
tt0234215	7.2	630826
tt0236493	6.1	114048
tt0238380	7.3	347098
tt0238784	8.2	148178
tt0240772	7.7	619440
tt0240890	6.8	121401
tt0241303	7.2	201998
tt0241527	7.6	856328
tt0242423	5.5	145847
tt0242653	6.7	543686
tt0243133	7.5	115019
tt0243155	6.8	263748
tt0244244	6.5	196287
tt0245429	8.6	849833
tt0245574	7.7	128903
tt0245712	8.1	252949
tt0245844	7.7	148511
tt0246460	6.1	229211
tt0246578	8.0	850309
tt0247638	6.4	163645
tt0247745	7.0	112995
tt0248654	8.7	149480
tt0248667	6.7	105570
tt0249462	7.7	142857
tt0250494	6.5	248283
tt0250687	6.5	123118
tt0251075	6.1	136288
tt0251127	6.5	270132
tt0251160	7.1	143731
tt0252866	6.4	270215
tt0253474	8.5	912654
tt0253556	6.2	145501
tt0256380	6.0	144805
tt0256415	6.2	123624
tt0257044	7.7	284582
tt0257076	6.1	153990
tt0257106	5.3	175184
tt0257360	7.2	133597
tt0258000	6.8	296985
tt0258463	7.8	576425
tt0259324	5.3	252327
tt0259446	6.6	144656
tt0259711	6.9	285767
tt0261392	6.8	161092
tt0263488	6.2	142604
tt0264235	8.8	147521
tt0264464	8.1	1096159
tt0265086	7.7	423733
tt0265208	6.7	239872
tt0265459	6.8	131753
tt0265666	7.6	313260
tt0266308	7.5	194483
tt0266543	8.2	1113736
tt0266697	8.2	1194431
tt0266915	6.7	239136
tt0266987	7.1	167113
tt0267913	5.3	125574
tt0268126	7.7	203092
tt0268380	7.5	519328
tt0268695	6.0	130434
tt0268978	8.2	987279
tt0272152	7.4	193066
tt0272338	7.3	177524
tt0274166	6.3	174257
tt0274558	7.5	138536
tt0275847	7.3	211754
tt0276751	7.1	191713
tt0276919	8.0	158698
tt0277027	7.6	155326
tt0277296	5.5	145463
tt0277371	5.8	115948
tt0277434	7.2	151300
tt0278504	7.2	319240
tt0279600	7.5	138142
tt0280590	5.8	152558
tt0281358	7.3	221411
tt0283111	6.4	115366
tt0285331	8.4	197076
tt0285403	8.4	270690
tt0285823	6.3	169765
tt0286106	6.8	385829
tt0286499	6.7	116512
tt0286716	5.6	278624
tt0287467	7.9	117513
tt0287978	5.3	229116
tt0288477	5.6	109042
tt0289043	7.5	445972
tt0289765	7.2	290979
tt0289879	7.6	521298
tt0289992	7.5	126108
tt0290002	6.3	286596
tt0290334	7.4	576326
tt0290673	7.3	147709
tt0290978	8.5	123188
tt0292506	6.6	142268
tt0292963	7.3	111715
tt0293429	6.0	190092
tt0293508	7.2	130709
tt0293564	6.2	183357
tt0293662	6.8	321253
tt0295178	6.2	222944
tt0295297	7.4	692568
tt0295700	6.1	131546
tt0295701	5.8	186518
tt0296572	6.6	241883
tt0298130	7.1	375141
tt0298148	7.3	505147
tt0298203	7.2	321018
tt0298814	5.5	107348
tt0299658	7.2	243417
tt0299977	7.9	187680
tt0300471	6.2	112546
tt0301357	7.7	152668
tt0302640	5.6	102651
tt0302886	7.0	243420
tt0303461	8.9	281778
tt0304141	7.9	691790
tt0305224	6.2	228493
tt0305357	4.9	133057
tt0306047	5.5	158404
tt0306414	9.3	377725
tt0307453	6.0	198981
tt0307901	7.6	184683
tt0307987	7.1	155185
tt0308644	7.7	212066
tt0309593	6.2	182035
tt0309698	7.3	267309
tt0309987	7.1	131622
tt0310793	8.0	148761
tt0311113	7.5	237997
tt0311289	7.0	100265
tt0311429	5.8	183995
tt0312004	7.5	146130
tt0313542	7.1	104622
tt0313737	6.1	125951
tt0314331	7.6	531614
tt0314353	6.6	130581
tt0315327	6.8	433824
tt0315733	7.6	245889
tt0316654	7.5	708960
tt0317198	6.0	122478
tt0317219	7.2	470245
tt0317248	8.6	801332
tt0317705	8.0	809022
tt0317740	7.0	388605
tt0317919	6.9	390855
tt0318462	7.7	104793
tt0318627	6.1	210005
tt0318649	6.1	103670
tt0319061	8.0	458984
tt0319262	6.5	476196
tt0319343	7.1	310842
tt0320661	7.3	315276
tt0320691	7.0	285234
tt0322259	5.9	297729
tt0322330	6.3	152602
tt0322802	6.6	102289
tt0324216	6.2	152412
tt0325703	5.5	144899
tt0325710	7.8	471270
tt0325805	7.3	138338
tt0325980	8.1	1210888
tt0327056	7.9	485961
tt0327084	6.7	189547
tt0327554	3.4	125818
tt0327597	7.7	263883
tt0327850	6.7	143068
tt0328107	7.7	389732
tt0328828	6.3	217223
tt0328880	6.9	123852
tt0329101	5.7	127310
tt0330373	7.7	681738
tt0330793	6.4	170609
tt0332280	7.8	620397
tt0332379	7.2	330952
tt0332452	7.3	570668
tt0333766	7.4	223221
tt0335245	6.2	108932
tt0335266	7.7	489264
tt0335345	7.2	251207
tt0335438	6.1	154566
tt0337563	6.3	216987
tt0337741	6.7	129211
tt0337921	6.5	105444
tt0337978	7.1	420711
tt0338013	8.3	1078340
tt0338337	6.3	113290
tt0338348	6.6	241364
tt0338526	6.1	284659
tt0338564	8.0	131483
tt0338751	7.5	384165
tt0339291	6.8	221155
tt0340163	6.5	113558
tt0340855	7.3	161864
tt0342258	7.0	108092
tt0343135	6.0	143678
tt0343660	6.8	382305
tt0343737	6.7	108607
tt0343818	7.1	575608
tt0345950	7.2	102108
tt0346491	5.6	176695
tt0347149	8.2	449639
tt0348150	6.1	291408
tt0348333	6.7	106161
tt0348836	5.8	119204
tt0348914	8.6	117692
tt0349205	5.9	108970
tt0349683	6.3	176146
tt0349903	6.5	414199
tt0350258	7.7	157429
tt0351283	6.9	437676
tt0351977	6.3	110003
tt0352248	8.0	198372
tt0353969	8.1	216560
tt0355295	5.9	126279
tt0356150	6.6	222961
tt0356910	6.5	541686
tt0357413	7.1	378660
tt0358082	6.4	161998
tt0358273	7.8	265886
tt0359013	5.8	188353
tt0359950	7.3	341021
tt0360486	7.0	374343
tt0360717	7.2	447022
tt0361596	7.5	132400
tt0361748	8.4	1584839
tt0361862	7.6	415671
tt0362120	5.1	129203
tt0362227	7.4	495405
tt0362270	7.2	210997
tt0363163	8.2	375314
tt0363547	7.3	272553
tt0363771	6.9	428169
tt0363988	6.5	209581
tt0364569	8.3	636119
tt0364725	6.7	267292
tt0364845	7.8	163130
tt0365686	6.3	102797
tt0365737	6.9	134283
tt0365748	7.9	594147
tt0365830	6.8	115252
tt0365907	6.5	127320
tt0366548	6.4	200050
tt0366551	7.0	206163
tt0366627	7.1	119306
tt0367279	8.7	324292
tt0367594	6.7	529427
tt0367882	6.2	491532
tt0367959	6.1	115913
tt0368008	6.6	116649
tt0368447	6.6	277855
tt0368891	6.9	355239
tt0369179	7.1	280643
tt0369339	7.5	433253
tt0369441	6.2	154258
tt0369610	6.9	679592
tt0370263	5.7	212303
tt0371606	5.7	100864
tt0371724	6.7	208434
tt0371746	7.9	1125209
tt0372183	7.7	487016
tt0372588	7.2	178617
tt0372784	8.2	1579000
tt0373051	5.8	131837
tt0373074	7.7	150900
tt0373469	7.5	237454
tt0373883	6.0	130604
tt0373889	7.5	633475
tt0373926	6.4	110941
tt0374463	8.3	130121
tt0374900	7.0	237844
tt0375063	7.5	204321
tt0375679	7.7	449071
tt0375912	7.3	195660
tt0376136	6.1	108028
tt0376541	7.2	236130
tt0376994	6.6	540898
tt0377092	7.1	435326
tt0377109	5.4	101004
tt0378194	8.0	805921
tt0379725	7.3	140800
tt0379786	7.8	305713
tt0380510	6.6	179960
tt0381061	8.0	694725
tt0381681	8.1	287917
tt0381707	5.8	163268
tt0381849	7.6	331152
tt0382625	6.6	458929
tt0382932	8.1	825424
tt0383574	7.4	767899
tt0384537	6.5	244097
tt0384766	8.7	185439
tt0384793	6.4	140043
tt0384806	5.9	117371
tt0385002	7.4	161862
tt0385004	7.5	116273
tt0385752	6.1	196863
tt0385880	6.6	138255
tt0386117	6.7	108533
tt0386140	5.9	107656
tt0386588	6.6	335487
tt0386676	9.0	712128
tt0387131	7.4	148495
tt0387199	8.4	176871
tt0387564	7.6	466865
tt0387808	6.5	182486
tt0388482	6.3	215420
tt0388629	9.0	235300
tt0388795	7.7	382323
tt0389722	6.6	189475
tt0389790	6.1	179873
tt0389860	6.4	356867
tt0390384	6.7	114205
tt0390521	7.2	113295
tt0391198	5.9	150888
tt0393109	7.1	110064
tt0393162	7.3	172171
tt0395169	8.1	372325
tt0395584	6.7	105797
tt0395699	5.6	100946
tt0396171	7.5	265840
tt0396269	7.0	375869
tt0396555	6.8	111420
tt0397065	5.5	134033
tt0397101	6.5	123031
tt0397306	7.4	136323
tt0397442	7.5	193452
tt0397535	7.3	160824
tt0397892	6.8	229034
tt0398165	6.4	195156
tt0398286	7.7	494474
tt0398808	7.2	173356
tt0399146	7.4	252895
tt0399201	6.8	327719
tt0399295	7.6	337023
tt0400717	6.1	105750
tt0401383	8.0	110445
tt0401445	6.9	101394
tt0401729	6.6	286281
tt0401792	8.0	793910
tt0401855	6.7	209265
tt0402022	5.4	132785
tt0404032	6.7	140091
tt0404203	7.5	116781
tt0404390	7.3	103695
tt0405094	8.4	410604
tt0405159	8.1	721952
tt0405296	7.0	117158
tt0405422	7.1	467244
tt0405508	8.1	122369
tt0406375	6.3	115332
tt0407304	6.5	475366
tt0407362	8.7	175635
tt0407887	8.5	1422731
tt0408236	7.3	386982
tt0408306	7.5	238336
tt0408790	6.3	171863
tt0409182	5.7	110423
tt0409459	7.6	582677
tt0409591	8.4	127487
tt0409847	6.0	232535
tt0410297	6.8	157700
tt0410975	7.6	139808
tt0411008	8.3	595433
tt0411477	7.0	285994
tt0412019	7.1	106828
tt0412142	8.7	513829
tt0413099	5.4	155151
tt0413267	6.1	332605
tt0413300	6.3	637842
tt0413573	7.6	341951
tt0414387	7.8	330864
tt0414982	5.8	153757
tt0414993	7.2	248797
tt0415306	6.6	199942
tt0416236	6.5	102844
tt0416320	7.6	228116
tt0416449	7.6	864536
tt0417148	5.5	144662
tt0417299	9.3	373448
tt0417741	7.6	595775
tt0418279	7.0	675007
tt0418689	7.1	129272
tt0418763	7.0	206615
tt0418819	6.2	100818
tt0419706	5.2	118744
tt0420223	7.5	236498
tt0421073	6.8	120842
tt0421239	6.5	140682
tt0421715	7.8	695887
tt0422720	6.5	121931
tt0424095	6.6	138730
tt0424136	7.0	168114
tt0424345	7.3	140694
tt0425061	6.5	228695
tt0425112	7.8	535423
tt0425123	6.7	117388
tt0425210	7.7	325729
tt0426883	6.9	108011
tt0426931	7.4	111117
tt0427152	5.9	111123
tt0427327	6.7	138731
tt0427944	7.5	228984
tt0429493	6.7	269000
tt0430105	6.8	156561
tt0430357	6.1	123778
tt0430922	6.8	241199
tt0431197	7.0	132300
tt0431308	7.0	218426
tt0432021	6.2	205539
tt0432283	7.9	270460
tt0432348	6.6	276507
tt0433035	7.1	355736
tt0433362	6.4	135047
tt0433383	7.4	101314
tt0433400	6.2	127310
tt0434409	8.2	1179584
tt0435625	7.2	247020
tt0435651	6.4	125646
tt0435705	6.2	166443
tt0435761	8.3	892720
tt0436697	7.3	116004
tt0436992	8.6	246629
tt0437086	7.3	293844
tt0438097	6.8	296678
tt0438488	6.5	377542
tt0439100	7.9	117388
tt0439572	6.7	210590
tt0440963	8.0	658357
tt0441773	7.6	522945
tt0441909	7.6	107503
tt0442933	6.3	174177
tt0443272	7.3	272710
tt0443274	6.6	154074
tt0443453	7.4	442249
tt0443543	7.5	389716
tt0443649	5.1	135509
tt0443680	7.5	192854
tt0443706	7.7	598580
tt0445922	7.3	114277
tt0445934	6.3	177753
tt0446029	7.6	465473
tt0448011	6.2	247615
tt0448115	7.0	385051
tt0448134	7.2	267546
tt0448157	6.4	511828
tt0448694	6.6	192398
tt0449010	5.1	130499
tt0449059	7.8	518238
tt0449088	7.1	693718
tt0449467	7.5	317181
tt0450232	6.6	134815
tt0450259	8.0	586289
tt0450278	5.9	191029
tt0450385	6.8	294264
tt0451079	6.8	150290
tt0451279	7.3	699817
tt0452046	8.1	218840
tt0452594	5.8	139011
tt0452608	6.4	218964
tt0452623	7.6	293019
tt0452637	5.5	103801
tt0452694	7.1	157936
tt0452702	6.2	107416
tt0453451	6.4	134140
tt0453467	7.1	327715
tt0453562	7.5	102748
tt0454841	6.4	183304
tt0454848	7.6	398046
tt0454876	7.9	666994
tt0454921	8.0	560993
tt0454945	6.4	175865
tt0455275	8.3	579588
tt0455407	6.5	128960
tt0455590	7.6	196064
tt0455760	6.1	101879
tt0455824	6.6	129766
tt0455944	7.2	420297
tt0457430	8.2	703175
tt0457939	6.9	323063
tt0458290	8.4	120407
tt0458339	6.9	897057
tt0458352	6.9	467297
tt0458481	6.5	170511
tt0458525	6.5	530734
tt0460091	7.8	109645
tt0460627	7.8	176310
tt0460649	8.3	728697
tt0460681	8.4	483347
tt0460791	7.8	116708
tt0461770	7.1	217354
tt0462322	7.5	191208
tt0462499	7.0	244607
tt0462504	7.3	110819
tt0462538	7.3	349926
tt0462590	6.5	126850
tt0463854	6.9	293922
tt0463985	6.0	300064
tt0464141	7.4	163633
tt0465234	6.5	253619
tt0465494	6.2	177791
tt0465538	7.2	174090
tt0465580	6.1	115594
tt0465602	6.6	155036
tt0467197	5.3	130192
tt0467200	6.7	119989
tt0467406	7.4	549341
tt0468492	7.1	132776
tt0468569	9.0	2871741
tt0469494	8.2	641327
tt0470752	7.7	589900
tt0471042	6.2	151029
tt0472033	7.0	147700
tt0472043	7.8	331407
tt0472062	7.0	124920
tt0472399	6.5	171714
tt0472954	8.8	251966
tt0473075	6.6	304005
tt0473705	7.1	160450
tt0475276	7.6	110954
tt0475290	6.3	143188
tt0475394	6.6	152105
tt0475784	8.5	533075
tt0477080	6.8	207795
tt0477302	6.9	105181
tt0477347	6.5	377444
tt0477348	8.2	1060609
tt0478087	6.8	266556
tt0478304	6.8	184154
tt0478311	6.9	384717
tt0478970	7.2	722306
tt0479143	7.1	231530
tt0479884	6.9	263669
tt0479952	6.6	247553
tt0480025	7.7	128757
tt0480242	6.8	107009
tt0480249	7.2	814491
tt0480255	6.2	107043
tt0480687	5.9	131107
tt0481369	6.4	212684
tt0481499	7.1	232092
tt0481536	6.5	142034
tt0482571	8.5	1441652
tt0482606	6.1	143664
tt0485947	7.7	245876
tt0486576	5.6	277441
tt0486655	7.6	285306
tt0486822	6.8	248352
tt0486946	5.8	123404
tt0487831	8.5	164444
tt0488120	7.2	218970
tt0489099	6.1	323669
tt0489270	6.2	212457
tt0490215	7.2	123018
tt0491738	8.4	105807
tt0492956	6.4	100362
tt0493464	6.7	408667
tt0496424	8.3	132015
tt0496806	6.9	367505
tt0497465	7.1	268926
tt0498380	7.8	170078
tt0499448	6.5	225536
tt0499549	7.9	1386773
tt0756683	7.8	200238
tt0758730	4.6	133194
tt0758746	5.5	116946
tt0758752	6.7	224240
tt0758758	8.1	658305
tt0758766	6.5	107207
tt0758774	7.0	239584
tt0762107	5.9	154147
tt0765010	7.1	146865
tt0765429	7.8	452657
tt0765443	7.6	261199
tt0770828	7.1	812034
tt0773262	8.6	766798
tt0780504	7.8	704698
tt0780521	7.2	166911
tt0780536	7.9	461618
tt0780571	7.3	156329
tt0780653	5.8	111756
tt0783233	7.8	299916
tt0790636	7.9	519436
tt0790686	6.1	113744
tt0790724	7.0	365128
tt0790736	5.6	143614
tt0795176	9.4	220328
tt0795368	7.3	121004
tt0795421	6.5	274459
tt0796366	7.9	620356
tt0799949	2.4	109558
tt0800039	7.1	302515
tt0800080	6.6	523650
tt0800320	5.8	292779
tt0800369	7.0	900437
tt0803096	6.7	278927
tt0804497	7.1	148229
tt0804503	8.7	260635
tt0805564	7.3	155440
tt0808151	6.7	309669
tt0808279	6.5	103861
tt0808417	8.0	100203
tt0810819	7.1	199283
tt0813715	7.5	251668
tt0814255	5.9	203033
tt0814314	7.6	315260
tt0815236	6.4	144404
tt0816442	7.5	142324
tt0816462	5.1	102719
tt0816692	8.7	2101274
tt0816711	7.0	719653
tt0817230	5.7	125435
tt0822832	7.0	167842
tt0822847	5.7	124161
tt0822854	7.1	355777
tt0824747	7.8	265313
tt0825232	7.4	259902
tt0829150	6.2	207699
tt0829482	7.6	632960
tt0830515	6.5	470864
tt0831387	6.4	441013
tt0832266	7.1	173281
tt0834001	6.5	167894
tt0837562	7.0	281201
tt0838221	7.2	217002
tt0838283	6.9	319131
tt0840361	7.5	415894
tt0842926	7.0	134453
tt0844441	7.9	260152
tt0844471	6.9	258015
tt0844708	6.5	100434
tt0848228	8.0	1459697
tt0848537	6.6	109916
tt0859163	5.2	170704
tt0861739	8.0	110335
tt0862856	6.7	104643
tt0865556	6.5	109552
tt0870111	7.7	112481
tt0870154	6.6	212555
tt0870984	6.5	136573
tt0876563	7.6	163580
tt0877057	8.9	378733
tt0878804	7.6	360618
tt0879870	5.8	105926
tt0884328	7.1	340562
tt0887883	7.0	353337
tt0887912	7.5	473920
tt0889573	6.1	112354
tt0889583	5.9	153895
tt0890870	5.9	164847
tt0892318	6.5	107213
tt0892769	8.1	800882
tt0892782	6.4	176102
tt0892791	6.3	224637
tt0898266	8.1	868331
tt0898367	7.2	254294
tt0901476	5.5	115541
tt0903624	7.8	873250
tt0903747	9.5	2137721
tt0904208	8.3	188450
tt0905372	6.2	145584
tt0907657	7.8	121285
tt0910936	6.9	357593
tt0910970	8.4	1200815
tt0914798	7.7	246569
tt0918927	7.5	136090
tt0918940	6.2	188724
tt0926084	7.7	599334
tt0929632	7.3	116266
tt0934814	8.2	146881
tt0936501	7.7	634651
tt0938283	4.0	174932
tt0942385	7.1	448228
tt0944835	6.4	330176
tt0944947	9.2	2285623
tt0945513	7.5	549914
tt0947798	8.0	825095
tt0947810	6.8	142724
tt0948470	6.9	702556
tt0949731	5.0	216543
tt0955308	6.6	283219
tt0959337	7.3	225036
tt0960144	5.6	214285
tt0960731	6.0	101314
tt0963178	6.5	100044
tt0963966	6.1	170032
tt0964517	7.8	388975
tt0970179	7.5	336877
tt0970416	5.5	178566
tt0970866	5.5	119072
tt0974015	6.1	478734
tt0974661	6.4	216440
tt0976051	7.6	259950
tt0978762	8.1	186831
tt0978764	6.1	252852
tt0979432	8.6	203192
tt0980970	6.3	166435
tt0983193	7.3	243281
tt0985694	6.6	204100
tt0985699	7.1	259320
tt0986263	6.3	180304
tt0986264	8.3	206764
tt0988045	7.6	671231
tt0988595	6.1	175171
tt0988824	8.7	168681
tt0989757	6.3	157790
tt0990407	5.8	164707
tt0993840	5.8	188296
tt0993842	6.7	206896
tt0993846	8.2	1583982
tt1000774	5.7	127286
tt1001508	6.4	182279
tt1001526	7.3	295950
tt10016180	6.3	126461
tt10028196	5.6	178030
tt10048342	8.5	553849
tt1007028	6.5	182317
tt1007029	6.4	113631
tt1010048	8.0	877967
tt1013743	6.3	210360
tt1013752	6.5	311312
tt1013753	7.5	179870
tt1014759	6.4	441173
tt10151854	5.9	124846
tt10155688	8.4	187855
tt10160804	7.5	214873
tt1016150	7.8	245862
tt10168312	7.4	142810
tt1017460	5.8	101797
tt10189514	8.7	123971
tt1019452	7.0	149965
tt1022603	7.7	558191
tt1023111	6.5	106443
tt1023114	7.3	122027
tt10234724	7.3	270114
tt1024648	7.7	639258
tt1025100	5.7	122213
tt10272386	8.2	193324
tt1027718	6.2	106639
tt1028528	7.0	313962
tt1028532	8.1	311475
tt10288566	7.7	195116
tt1029234	7.0	106483
tt10293406	6.8	193887
tt10295212	8.3	129672
tt10298810	6.1	123903
tt1032755	7.2	265075
tt1033575	7.3	251856
tt1033643	6.1	187913
tt1034032	5.7	139617
tt1034303	7.1	155701
tt10366206	7.7	333848
tt10366460	8.0	165033
tt1037705	6.8	339453
tt1038686	5.3	111996
tt1038919	5.5	134400
tt1038988	7.4	196769
tt1041829	6.8	360465
tt1043813	7.5	112786
tt1045658	7.7	742906
tt1045778	4.9	103681
tt1046173	5.7	215039
tt1049413	8.3	1125392
tt1051906	7.1	255588
tt1053424	6.3	110700
tt10545296	6.8	117356
tt1054606	6.8	153966
tt1055292	6.5	138940
tt1055369	6.0	428585
tt10574558	7.7	144660
tt1057500	7.3	167917
tt1058017	6.4	148990
tt1059786	6.6	195252
tt1060277	7.0	420798
tt1063669	7.6	115142
tt10638522	7.1	143708
tt10640346	7.1	167745
tt10648342	6.2	401324
tt1065073	7.9	367217
tt1067106	6.8	129550
tt1067583	6.9	120415
tt10676048	5.5	124744
tt1068680	6.8	383262
tt10698680	8.3	150169
tt1070874	7.7	193410
tt1071875	4.3	126253
tt10731256	6.3	146965
tt1073498	2.8	111563
tt1074638	7.8	731246
tt1077258	7.0	223323
tt1077368	6.2	280530
tt1078912	6.0	212816
tt1078940	5.5	114868
tt1080016	6.9	264280
tt10811166	8.6	573752
tt1083452	7.3	100254
tt10838180	5.7	279645
tt10857160	5.3	190453
tt10857164	6.2	119984
tt1086772	6.5	144172
tt10872600	8.2	879565
tt10888594	1.9	179918
tt1091191	7.5	306770
tt1091722	6.8	169014
tt10919420	8.0	542717
tt1092026	6.9	266187
tt10954600	6.1	228351
tt10954652	5.8	160775
tt10954984	6.8	266186
tt10970552	7.4	127992
tt10986410	8.8	348657
tt1099212	5.3	487699
tt1100089	7.0	149305
tt1104001	6.8	355969
tt11083552	7.1	207940
tt1109624	7.3	133677
tt1111422	6.4	208092
tt11126994	9.0	270845
tt11138512	7.0	253784
tt1114740	5.3	117435
tt1119644	8.4	257554
tt1119646	7.7	846676
tt11198330	8.4	376598
tt1120985	7.3	211403
tt11214590	6.6	159939
tt1121931	6.1	158995
tt11233960	7.1	119002
tt1124035	7.1	230803
tt1124373	8.6	323601
tt11245972	6.3	158995
tt1125849	7.9	319999
tt11271038	7.1	140341
tt1127180	6.6	217542
tt11280740	8.7	200979
tt11286314	7.2	602007
tt11291274	7.0	151631
tt1129442	6.1	176891
tt1130884	8.2	1457430
tt1131729	7.3	116084
tt1131734	5.5	151337
tt1132620	7.8	223367
tt1132626	5.8	137656
tt11337908	8.3	100666
tt1133985	5.5	296174
tt1135503	7.0	128895
tt1136608	7.9	717067
tt1136617	6.7	183102
tt1139328	7.2	170839
tt1139797	7.8	226815
tt1142977	6.9	117139
tt1142988	6.4	230463
tt1144884	5.1	115104
tt1148204	7.0	252499
tt1152836	7.0	318679
tt1155056	7.0	216746
tt1155076	6.2	205640
tt1156398	7.5	621566
tt11564570	7.1	441567
tt1160419	8.0	857073
tt1161864	6.0	102653
tt11691774	8.1	156366
tt1170358	7.8	705460
tt1172049	7.0	112239
tt1172570	7.0	140920
tt11737520	8.4	149619
tt11743610	7.9	107462
tt1174732	7.3	138166
tt1179034	6.4	121631
tt1179056	5.2	107513
tt1179904	6.3	256258
tt1179933	7.2	354886
tt11813216	7.7	253235
tt1182345	7.8	376788
tt11858890	6.8	160463
tt11866324	7.1	227325
tt1187043	8.4	434649
tt1187064	6.9	129865
tt1188729	6.7	159563
tt1188996	7.9	116393
tt1189073	7.6	165923
tt1189340	7.3	253829
tt1190080	5.8	397948
tt1190634	8.7	651614
tt1192628	7.3	293154
tt1193138	7.4	349426
tt1194173	6.6	315641
tt1195478	6.2	102576
tt11957006	9.1	110524
tt1196946	8.2	200692
tt1197624	7.4	319965
tt1201167	6.3	123640
tt1201607	8.1	948833
tt1204975	6.6	136886
tt1205489	8.1	815147
tt1205537	6.2	138252
tt1206543	6.7	125125
tt1206885	6.1	109563
tt1210166	7.6	464782
tt1210819	6.4	244520
tt1211837	7.5	805293
tt1211956	6.7	257509
tt1212450	7.2	253522
tt1213641	7.3	202306
tt1213663	6.9	298262
tt1216475	6.2	218094
tt1216492	6.4	110694
tt1217209	7.1	442390
tt1217613	5.7	185200
tt1219024	8.1	174438
tt1219289	7.4	612570
tt1219827	6.3	227949
tt1220634	5.8	179233
tt1220719	8.0	233627
tt1226229	6.3	185667
tt12263384	7.0	147802
tt1228705	6.9	868777
tt1228987	7.1	127335
tt1229238	7.4	528551
tt1229340	6.3	192348
tt1231583	6.5	358014
tt1231587	6.4	186540
tt1232200	5.5	108969
tt1232829	7.2	598684
tt1233227	6.0	125270
tt12343534	8.6	114733
tt1234548	6.2	137613
tt1234721	6.1	239689
tt1235099	8.0	127890
tt1235166	7.8	102197
tt12361974	7.9	438536
tt12392504	9.2	157350
tt1240982	5.5	104445
tt1242460	7.5	167803
tt1243957	6.0	256453
tt1245492	6.6	435025
tt1245526	7.0	323981
tt1250777	7.6	593513
tt1253863	6.2	315999
tt1253864	6.0	176486
tt1255953	8.3	200428
tt1258197	6.8	125338
tt12593682	7.3	428016
tt1259521	7.0	450870
tt1259528	7.0	123733
tt1259571	4.8	300114
tt1262416	6.2	171237
tt12637874	8.5	134506
tt1266020	8.6	288101
tt1267297	6.0	164412
tt1270797	6.6	538527
tt1270798	7.7	723901
tt1272878	6.7	225411
tt12747748	6.5	196331
tt1276104	7.4	603090
tt1277953	6.8	198054
tt1279935	6.3	172198
tt12801262	7.4	194422
tt1282140	7.0	418118
tt12844910	5.8	156441
tt1284575	5.7	212688
tt1285016	7.8	758972
tt1288558	6.5	197326
tt1289401	6.8	246443
tt1291150	5.8	220028
tt12915716	2.7	132784
tt1291584	8.1	498036
tt1298649	5.7	133051
tt1298650	6.6	564350
tt1300854	7.1	899464
tt13016388	7.6	100148
tt1302006	7.8	431246
tt1302011	7.3	321088
tt1305806	8.2	222453
tt1305826	8.6	112388
tt1306980	7.6	342969
tt1307068	6.7	118796
tt1312171	7.9	275424
tt13143964	6.6	153783
tt13146488	8.3	135100
tt1314655	6.3	156994
tt1315981	7.5	117783
tt1318514	7.6	559465
tt1320253	6.4	364778
tt13207736	7.9	155671
tt1321870	6.7	222799
tt1323594	7.6	584482
tt13238346	7.9	115178
tt1324999	4.9	254367
tt1325004	5.1	260898
tt1327194	6.4	113794
tt1327773	7.2	119751
tt1327801	6.8	155492
tt13287846	6.4	139515
tt13320622	6.1	158841
tt1333125	4.3	112327
tt1334260	7.1	153307
tt13345606	6.5	136847
tt1335975	6.2	171190
tt1340138	6.3	292587
tt13406094	8.0	208324
tt1340800	7.0	212557
tt1343092	7.2	597112
tt1343727	7.1	294483
tt13443470	8.1	361943
tt1345836	8.4	1828013
tt1351685	6.3	147040
tt1355630	6.7	128270
tt1355642	9.1	197564
tt1355644	7.0	447723
tt1355683	6.9	192413
tt13560574	6.5	173378
tt1358522	8.2	141428
tt13622776	7.5	110807
tt1365519	6.3	227175
tt13668894	7.2	186259
tt1371111	7.4	374468
tt1375666	8.8	2551763
tt1375670	6.0	276599
tt1379182	7.2	110503
tt13833688	7.7	211271
tt1385826	7.0	270192
tt1386588	6.6	288435
tt1386697	5.9	722451
tt1386703	6.2	266446
tt1386932	7.5	111040
tt1389072	5.8	124588
tt1389137	7.0	151783
tt1390411	6.9	148796
tt13918776	7.5	109897
tt1392170	7.2	1003977
tt1392190	8.1	1086863
tt1392214	8.2	809920
tt1396218	6.0	105660
tt1396484	7.3	606471
tt1397280	6.2	322726
tt1397514	5.7	112145
tt1398426	7.8	218541
tt1399103	6.2	432156
tt13991232	8.7	116278
tt1399664	8.0	103205
tt1399683	7.1	150574
tt1401152	6.8	269390
tt1403865	7.6	357597
tt1403981	7.1	155788
tt1405406	7.7	349914
tt1408101	7.7	497127
tt1408253	6.1	122820
tt1409024	6.8	387156
tt1411238	6.2	244124
tt1411250	6.4	178039
tt1411697	6.5	534848
tt14138650	6.6	124716
tt14164730	8.1	100877
tt14208870	7.5	116965
tt14209916	5.9	107428
tt14230388	6.5	113558
tt14230458	7.9	252087
tt1424381	6.4	243939
tt1428538	6.1	216775
tt1430132	6.7	492258
tt1431045	8.0	1126064
tt1433108	6.4	112047
tt1436562	6.9	248599
tt1438176	6.4	113137
tt14392248	9.2	311394
tt1439629	8.5	293595
tt1440129	5.8	257403
tt14403178	8.0	135282
tt1440728	6.3	102124
tt1441395	6.3	158281
tt1442437	8.5	483830
tt1442449	8.5	257092
tt14452776	8.6	212488
tt1446192	7.2	192642
tt1446714	7.0	644382
tt1448755	6.4	135452
tt14500884	9.1	101562
tt14500888	8.1	225539
tt1450321	7.0	115852
tt1453405	7.2	390189
tt1454029	8.1	492936
tt1454468	7.7	863381
tt1457767	7.5	555063
tt1458175	7.3	206665
tt1462758	7.0	168558
tt1462764	6.5	198783
tt14641788	6.8	100766
tt1464335	6.3	259588
tt1464540	6.1	246373
tt14650074	8.8	121927
tt1465522	7.5	193589
tt14688458	8.1	120642
tt1469304	5.5	202224
tt1474684	8.4	154384
tt1475582	9.1	999074
tt1477076	5.5	109716
tt1477834	6.8	520908
tt1478338	6.8	309289
tt1478964	6.7	111438
tt1482459	6.4	129890
tt1483013	7.0	553290
tt14849194	7.9	138867
tt1485796	7.5	311641
tt1486185	5.4	115810
tt1486217	8.6	165978
tt1488555	6.3	195647
tt1488589	7.6	113159
tt1488606	6.5	146088
tt1489428	8.6	118793
tt1489887	7.1	131181
tt1489889	6.3	213367
tt1490017	7.7	388448
tt14954666	4.4	111214
tt1496025	6.3	161253
tt1499658	6.9	469775
tt14998742	5.6	115674
tt1502397	6.5	175275
tt1502404	5.4	103421
tt1502407	6.5	169133
tt1502712	4.3	176629
tt1504320	8.0	708074
tt15097216	8.7	217209
tt1509767	5.7	112054
tt1515091	7.4	480611
tt1517260	5.8	118591
tt1517268	6.8	536671
tt1517451	7.6	419526
tt1520211	8.1	1082482
tt15239678	8.7	380855
tt1524137	6.4	126346
tt1524930	6.1	121693
tt1527186	7.1	195983
tt1528100	6.0	179269
tt1528854	6.2	128702
tt15325794	6.4	103691
tt15327088	8.2	102854
tt1535108	6.6	471170
tt1535109	7.8	492792
tt1536044	5.7	109887
tt1536537	6.8	134544
tt1538403	5.8	138785
tt15398776	8.3	729446
tt1542344	7.5	401498
tt1547234	6.5	118500
tt15474916	6.5	161443
tt1548850	8.2	107356
tt1549572	6.9	100034
tt1549920	6.3	145368
tt1553656	6.5	112562
tt15567174	7.9	109127
tt1560220	6.7	202797
tt1560747	7.1	186251
tt1563738	7.0	167864
tt1564367	6.4	265574
tt15671028	6.4	159934
tt1567432	7.7	163300
tt1567609	6.9	111652
tt15679400	6.1	115477
tt1568338	6.6	158566
tt1568346	7.8	494966
tt1568911	7.2	165650
tt1568921	7.6	104434
tt1570728	7.4	564589
tt1571222	6.4	108369
tt1571234	6.1	140879
tt1578873	7.4	178404
tt15789038	7.0	126630
tt15791034	7.0	180692
tt1583421	5.7	187349
tt1586680	8.5	285595
tt1587310	6.9	400347
tt1588170	7.8	146287
tt1588173	6.8	243643
tt1590193	6.3	125464
tt1591095	6.8	339116
tt1592525	6.0	100960
tt1596343	7.3	407271
tt1596350	6.3	194261
tt1596363	7.8	484798
tt1596365	6.4	192676
tt1598778	6.8	316028
tt1599348	6.7	235638
tt1600196	7.0	162089
tt1601913	6.7	263383
tt1602613	5.7	118136
tt1602620	7.9	105709
tt1605630	6.7	223875
tt1605783	7.6	449963
tt1606375	8.7	224979
tt1606378	5.2	215104
tt1606389	6.8	205008
tt1611224	5.9	161675
tt1614989	7.5	106987
tt1615065	6.4	134533
tt1615147	7.1	144370
tt1615160	7.0	123327
tt1616195	6.5	133645
tt1617661	5.3	194569
tt1618434	6.0	168852
tt1618442	5.9	109946
tt1622547	6.0	106656
tt1622979	5.9	125025
tt1623205	6.3	214307
tt1623288	7.0	109954
tt16277242	7.8	131842
tt1628033	8.7	126758
tt1628841	5.2	188739
tt1630029	7.6	494588
tt1631867	7.9	737226
tt1632701	8.4	479156
tt1632708	6.5	394664
tt1634122	6.3	140886
tt1636826	6.7	233508
tt1637688	6.7	446540
tt1637725	6.9	657718
tt1637727	8.3	123440
tt1638002	7.1	155626
tt1638355	7.2	332711
tt16419074	7.4	167515
tt1645170	6.4	335033
tt1646971	7.8	364149
tt1646987	5.7	195576
tt1648190	5.6	145843
tt1649418	6.5	238785
tt1649419	7.5	244150
tt1650062	7.0	367606
tt1650554	6.5	288531
tt1655441	7.2	203278
tt1655442	7.9	248637
tt1656190	6.5	117636
tt1657507	6.4	107679
tt1659337	7.9	548160
tt1661199	6.9	190783
tt1663202	8.0	874606
tt1663662	6.9	531027
tt1666801	6.4	101627
tt1667889	6.5	224994
tt1670345	7.2	708611
tt1673434	5.5	262944
tt1675192	7.3	108168
tt1675434	8.5	929819
tt1677720	7.4	486451
tt1682180	6.7	114547
tt1690953	7.3	426208
tt1692486	7.1	133041
tt1695360	8.3	138118
tt1700841	6.1	210136
tt17009710	7.7	121548
tt1702439	6.7	116396
tt17024450	6.8	115014
tt1706593	7.0	264520
tt1706620	7.1	389128
tt1707386	7.5	346076
tt1714206	7.0	161406
tt1714915	7.2	108177
tt1723121	7.0	486249
tt1723811	7.2	206279
tt1727388	7.4	156881
tt1727824	7.9	593081
tt1731141	6.6	254213
tt17351924	7.0	205477
tt1735898	6.1	302479
tt1740299	7.9	111017
tt1745960	8.2	697638
tt1748122	7.8	366806
tt1751634	7.7	171291
tt1758429	8.5	145453
tt1758830	6.2	150492
tt1764234	6.2	153194
tt1764651	6.6	322387
tt17663992	6.5	119541
tt1772341	7.7	458616
tt1781769	6.6	106564
tt1790809	6.5	346079
tt1790864	6.8	510049
tt1790885	7.4	318984
tt1790886	6.1	137027
tt1791528	6.6	110750
tt1796960	8.3	361024
tt1798684	7.3	258456
tt1798709	8.0	669852
tt1800241	7.2	500389
tt1800246	6.1	107441
tt1809398	7.2	182772
tt1815862	4.8	208957
tt1817273	7.3	290457
tt1821549	7.7	123540
tt1821694	6.6	180617
tt1823672	6.8	269743
tt1825683	7.3	837837
tt1826940	7.8	245599
tt1830617	7.9	130762
tt1832382	8.3	258609
tt1837492	7.5	315622
tt1837642	7.8	125109
tt1839492	7.2	105451
tt1839578	8.5	189115
tt1840309	6.6	489157
tt1843230	7.7	237094
tt1843866	7.7	899382
tt1844624	8.0	343941
tt1845307	6.6	104910
tt1853728	8.5	1695894
tt1853739	6.6	109481
tt1854564	5.7	126579
tt1855199	7.6	269181
tt1855325	5.3	150160
tt1856010	8.6	531005
tt1856101	8.0	665598
tt1860213	5.9	133311
tt1860242	6.9	103595
tt1860353	6.4	110756
tt1860357	7.1	182546
tt1862079	6.9	130865
tt1865718	8.9	135569
tt1869454	8.0	112504
tt1870479	8.6	124726
tt1872181	6.6	538156
tt1872194	7.4	201576
tt1877830	7.8	787405
tt1877832	7.9	745370
tt1878870	7.3	140224
tt1895587	8.1	502287
tt1899353	7.6	217121
tt1904996	6.2	129609
tt1905041	7.0	416993
tt1907668	7.3	376269
tt1911644	6.7	129789
tt1911658	6.6	102223
tt1915581	6.1	147226
tt1921064	5.5	116667
tt1922777	6.8	280315
tt1924396	7.8	128627
tt1924429	6.9	117743
tt1924435	6.4	139976
tt1931533	7.1	273993
tt1935179	7.4	188889
tt1935859	6.7	188632
tt1937390	6.9	131567
tt1939659	5.8	148205
tt1950186	8.1	474876
tt1951261	5.8	335471
tt1951264	7.5	721490
tt1951265	6.6	503098
tt1951266	6.5	373433
tt1954470	8.2	103868
tt1956620	5.1	118035
tt1959490	5.8	267095
tt1959563	6.9	247098
tt1964418	6.4	191435
tt1972591	6.7	232625
tt1974419	6.1	103958
tt1979320	8.1	513836
tt1979376	7.7	280472
tt1979388	6.7	127483
tt1980209	6.4	229376
tt1980929	7.4	166983
tt1981115	6.8	725243
tt1981128	5.3	118513
tt1981677	7.1	330816
tt1985949	6.3	103910
tt1985966	6.3	114763
tt2004420	6.3	329448
tt2005151	7.1	254110
tt2015381	8.0	1273714
tt2017109	8.4	123617
tt2023587	6.2	191095
tt2024432	5.7	140905
tt2024469	6.9	276584
tt2024544	8.1	741461
tt2034800	5.9	146226
tt2042568	7.4	163527
tt2053463	7.1	197163
tt2066051	7.3	194805
tt2080374	7.2	178591
tt2084970	8.0	825275
tt2085059	8.7	640295
tt2094766	5.6	208921
tt2096672	5.6	145146
tt2096673	8.1	785760
tt2098220	9.0	134950
tt2101441	5.3	148818
tt2103281	7.6	469451
tt2106476	8.3	364503
tt2109248	5.6	331701
tt2119532	8.1	594490
tt2120120	5.6	159380
tt2126355	6.1	256771
tt2139881	6.8	121766
tt2140373	7.5	170063
tt2140379	6.5	103944
tt2140479	7.3	321961
tt2149175	8.4	111354
tt2170439	6.3	184854
tt2170593	7.2	108542
tt2177771	6.1	141223
tt2178784	9.9	117681
tt2179136	7.3	529419
tt2180411	5.9	148055
tt2184339	5.7	240095
tt2188671	8.1	117008
tt2191671	7.9	119070
tt2191701	5.4	169524
tt2193021	7.5	446111
tt2193215	5.4	105921
tt2194499	7.8	386020
tt2199571	6.6	115096
tt2203939	6.0	150129
tt2209418	7.9	172203
tt2209764	6.2	238889
tt2222042	6.9	145491
tt2224026	6.5	111555
tt2226417	6.5	188834
tt2229499	6.5	247079
tt2231461	6.1	185002
tt2234155	6.3	215153
tt2234222	8.3	116995
tt2239822	6.4	196956
tt2241351	6.5	105292
tt2243973	8.5	276714
tt2245084	7.8	502342
tt2249364	8.4	127332
tt2250912	7.4	719727
tt2261227	7.9	188796
tt2265171	7.9	131298
tt2267968	7.1	189444
tt2267998	8.1	1067730
tt22687790	6.5	112333
tt2277860	7.2	303588
tt2278388	8.1	887005
tt2278871	7.7	163103
tt2283336	5.6	147080
tt2283362	7.0	445919
tt2293640	6.4	259808
tt2294189	8.1	119701
tt2294449	7.0	406236
tt2294629	7.4	663967
tt2301451	10.0	215208
tt2301455	9.9	139294
tt2302755	6.5	292432
tt2304933	5.2	117305
tt2305051	7.1	138900
tt2306299	8.5	583147
tt2310332	7.4	571952
tt2312718	6.5	130326
tt2316204	6.4	304084
tt2316411	6.9	215284
tt2321549	6.8	247360
tt2322441	4.2	335843
tt2333784	6.1	196248
tt2334873	7.3	212581
tt2334879	6.3	236266
tt2338151	8.1	201336
tt2345759	5.4	206293
tt2356777	8.9	656805
tt2357129	6.0	103886
tt2357291	6.3	100583
tt2357547	7.9	226806
tt2361509	7.1	274273
tt2364582	7.5	226019
tt2369135	6.4	178546
tt2372162	8.0	320242
tt2375692	8.2	113786
tt2379713	6.8	466309
tt2380307	8.4	590770
tt2381111	7.5	150525
tt2381249	7.4	411046
tt2381941	6.6	274826
tt2381991	6.1	119417
tt2382320	7.3	444897
tt23849204	9.0	111703
tt2386490	7.4	150640
tt2388715	6.5	139771
tt2395427	7.3	922074
tt2395695	9.3	128733
tt2397535	7.4	304798
tt2400463	6.6	119119
tt2401256	8.4	171846
tt2402927	7.3	142420
tt2403776	7.5	115094
tt2404233	5.4	125942
tt2404311	6.3	123069
tt2404435	6.9	228271
tt2404463	6.6	181331
tt2406566	6.7	206577
tt2431286	7.6	103804
tt2431438	8.2	163060
tt2442560	8.8	650231
tt2446042	6.0	204140
tt2446980	6.6	145360
tt2463208	6.7	231641
tt2467372	8.4	363540
tt2481498	6.7	103469
tt2488496	7.8	973900
tt2494362	7.1	118058
tt2503944	6.6	132904
tt2510894	6.6	143100
tt2527336	6.9	672162
tt2527338	6.4	493522
tt2531336	7.5	138674
tt2543164	7.9	771545
tt2543472	7.9	178448
tt2548396	5.5	113043
tt2554274	6.5	158323
tt2557478	5.6	127333
tt2557490	6.1	198548
tt2560140	9.1	511863
tt2561572	6.0	147058
tt2562232	7.7	666654
tt2567026	6.2	122291
tt2575988	8.5	165927
tt2582496	7.7	138323
tt2582782	7.6	252623
tt2582802	8.5	990015
tt2582846	7.7	401237
tt2584384	7.9	441585
tt2592614	5.5	100995
tt2628232	8.2	131100
tt2631186	7.9	136946
tt2632424	8.3	147910
tt2637276	6.3	233845
tt2649356	8.0	118863
tt2660888	7.0	258546
tt2661044	7.6	276193
tt26693803	5.1	133536
tt2671706	7.2	118070
tt2674426	7.4	287302
tt2692250	6.2	135552
tt2692904	7.1	159613
tt2699128	8.3	112390
tt2704998	6.9	255786
tt2707408	8.8	470551
tt2709768	6.5	217460
tt2713180	7.6	547449
tt2719848	7.1	232467
tt2737304	6.6	386405
tt2741602	7.9	279705
tt2763304	7.2	132990
tt2771200	7.1	334661
tt2788316	8.9	103149
tt2788710	6.5	354771
tt2798920	6.8	361714
tt2802144	7.7	716350
tt2802850	8.9	422103
tt2820852	7.1	414860
tt2848292	6.4	170449
tt2854926	6.5	146801
tt2861424	9.1	601797
tt2866360	7.2	146155
tt2870612	6.2	111852
tt2872718	7.8	604817
tt2872732	6.4	534510
tt2873282	6.6	201628
tt2883512	7.3	231809
tt2884206	7.3	133645
tt2906216	7.2	225166
tt2908446	6.2	255179
tt2911666	7.4	739349
tt2935510	6.5	260555
tt2948356	8.0	546543
tt2948372	8.0	379951
tt2953050	7.2	262411
tt2975578	6.4	162317
tt2975590	6.5	752583
tt2980516	7.7	482218
tt2980592	6.7	106956
tt3006802	8.4	179135
tt3011894	8.1	216390
tt3032476	9.0	647890
tt3040964	7.4	292135
tt3062096	6.2	189776
tt3065204	7.3	300579
tt3072482	6.7	101935
tt3076658	7.6	310940
tt3079380	7.0	258856
tt3104988	6.9	190130
tt3107288	7.5	368290
tt3110958	6.4	321390
tt3152624	6.2	142782
tt3170832	8.1	450657
tt3183660	7.2	507860
tt3195644	6.1	118639
tt3205802	8.1	166741
tt3228774	7.3	265890
tt3230854	8.5	172394
tt3235888	6.8	269109
tt3263904	7.4	298207
tt3281548	7.8	246041
tt3289956	6.8	139365
tt3300542	5.9	169678
tt3315342	8.1	831760
tt3316960	7.5	143518
tt3322310	6.4	139812
tt3322312	8.6	474901
tt3322314	7.2	139675
tt3322364	7.1	100618
tt3322940	5.4	175336
tt3359350	6.2	112963
tt3371366	5.2	168917
tt3381008	6.2	111349
tt3385516	6.9	461248
tt3393786	6.1	175357
tt3397884	7.7	476958
tt3398228	8.8	188784
tt3402236	6.5	296674
tt3410834	5.7	134244
tt3416742	7.6	200334
tt3450958	7.4	283458
tt3460252	7.8	660087
tt3464902	7.1	296685
tt3469046	6.2	154438
tt3470600	7.1	191303
tt3480822	6.7	426349
tt3488710	7.3	135529
tt3498820	7.8	850322
tt3501632	7.9	816367
tt3521126	7.3	164293
tt3521164	7.6	378329
tt3526078	8.5	146175
tt3531824	6.5	140302
tt3532216	7.1	208303
tt3544112	7.9	100964
tt3553976	7.8	235165
tt3567288	6.3	151535
tt3569230	6.9	202539
tt3581920	8.7	524153
tt3605418	4.9	104558
tt3606752	6.7	122171
tt3606756	7.5	331377
tt3622592	6.2	108010
tt3631112	6.5	199434
tt3640424	7.1	169799
tt3647998	8.3	149088
tt3659388	8.0	925805
tt3682448	7.6	327814
tt3704428	7.3	234772
tt3717490	5.9	113906
tt3731562	6.7	348428
tt3741700	6.0	207138
tt3741834	8.0	251236
tt3743822	6.8	144309
tt3748172	6.5	127406
tt3748528	7.8	686650
tt3749900	7.8	240778
tt3766354	6.7	197878
tt3774114	7.3	163006
tt3778644	6.9	379299
tt3783958	8.0	671870
tt3794354	6.5	159452
tt3799694	7.4	373675
tt3811906	6.2	109268
tt3829266	5.3	143485
tt3846674	7.0	123875
tt3866850	9.8	108190
tt3874544	6.3	141292
tt3882082	6.0	101870
tt3890160	7.5	611369
tt3896198	7.6	759866
tt3915174	7.8	175415
tt3920596	8.4	224323
tt3967856	7.3	132187
tt4016454	6.2	129593
tt4016934	8.1	172842
tt4034228	7.8	313901
tt4034354	6.9	133634
tt4046784	6.3	276699
tt4052882	6.3	143458
tt4052886	8.1	356103
tt4062536	7.0	139285
tt4094724	6.0	110092
tt4116284	7.3	172599
tt4123430	6.5	308888
tt4123432	6.2	170479
tt4154664	6.8	610947
tt4154756	8.4	1203821
tt4154796	8.4	1266434
tt4158110	8.5	418426
tt4160708	7.1	300681
tt4172430	7.3	160880
tt4178092	7.0	172169
tt4179452	8.5	165804
tt4196776	6.6	242140
tt4209788	7.4	187828
tt4218572	6.8	104146
tt4225622	6.4	108240
tt4230076	7.2	116438
tt4236770	8.7	220830
tt4244994	7.4	182232
tt4263482	7.0	301059
tt4270492	8.3	109543
tt4276820	7.2	177429
tt4283088	9.9	224073
tt4283094	9.9	159768
tt4287320	5.4	100384
tt4301160	8.1	104105
tt4302938	7.7	138441
tt4364194	7.6	103307
tt4425200	7.4	511934
tt4438848	5.7	130212
tt4465564	4.6	111508
tt4481414	7.6	130398
tt4495098	7.1	100123
tt4500922	6.3	163588
tt4501244	6.2	123717
tt4508902	8.7	185883
tt4513678	7.0	218877
tt4520988	6.8	194688
tt4530422	6.6	106585
tt4532368	6.8	110061
tt4550098	7.5	304761
tt4555426	7.4	220853
tt4566758	5.8	159113
tt4572514	7.3	112496
tt4574334	8.7	1336956
tt4630562	6.6	253999
tt4633694	8.4	671950
tt4635282	7.8	115909
tt4649466	6.7	363260
tt4651520	6.2	134536
tt4682786	6.8	105011
tt4686844	7.3	113482
tt4695012	6.2	103136
tt4698684	7.8	141935
tt4701182	6.7	188640
tt4729430	8.2	189758
tt4731136	6.4	109662
tt4776998	6.1	178590
tt4777008	6.6	118868
tt4779682	5.7	207619
tt4786282	6.3	142396
tt4786824	8.6	256828
tt4846232	7.3	140350
tt4846340	7.8	255364
tt4849438	8.2	114346
tt4857264	8.0	192618
tt4873118	7.5	162793
tt4881806	6.1	344013
tt4912910	7.7	378261
tt4925292	7.4	329207
tt4955642	8.2	189477
tt4972582	7.3	554191
tt4975722	7.4	331976
tt5013056	7.8	740377
tt5022702	6.6	153816
tt5027774	8.1	555222
tt5034838	6.3	241652
tt5052448	7.8	697268
tt5052474	7.1	167085
tt5057054	8.0	175641
tt5071412	8.5	346914
tt5074352	8.3	210833
tt5083738	7.5	233652
tt5090568	6.0	103947
tt5095030	7.0	450014
tt5104604	7.8	190917
tt5108870	5.1	153495
tt5109280	7.3	171875
tt5109784	6.6	249762
tt5140878	6.5	150923
tt5164214	6.3	242056
tt5164432	7.5	125933
tt5171438	7.0	135186
tt5180504	8.0	570219
tt5189670	8.5	102865
tt5232792	7.3	105767
tt5290382	8.6	336138
tt5296406	7.4	104491
tt5308322	6.6	162870
tt5311514	8.4	320565
tt5323662	8.1	101362
tt5348176	8.4	122563
tt5362988	7.7	280684
tt5363618	7.7	150429
tt5420376	6.5	155220
tt5433138	5.2	162294
tt5433140	5.8	119406
tt5439796	7.0	162220
tt5442430	6.6	253987
tt5462602	7.5	143614
tt5463162	7.6	646008
tt5491994	9.5	158287
tt5503686	6.3	107634
tt5519340	6.3	201696
tt5537002	7.6	239468
tt5555260	8.7	159270
tt5580036	7.5	242831
tt5580390	7.3	447770
tt5606664	7.3	218576
tt5638642	6.3	119785
tt5649144	7.6	128452
tt5675620	8.4	265128
tt5687612	8.7	201630
tt5700672	7.6	258897
tt5715874	7.0	187489
tt5726616	7.8	315990
tt5727208	7.4	318321
tt5742374	6.7	127693
tt5753856	8.7	444547
tt5758778	5.8	134175
tt5776858	7.4	145563
tt5788792	8.7	142988
tt5813916	8.2	110334
tt5814060	5.3	170539
tt5834204	8.4	258090
tt5848272	7.0	182967
tt5884052	6.5	182663
tt5886046	6.4	141946
tt5924366	7.6	137527
tt5971474	7.2	156008
tt6027908	7.9	136286
tt6027912	7.5	224153
tt6027914	5.5	170796
tt6027916	5.9	199419
tt6027920	4.0	260544
tt6048596	7.9	139063
tt6048922	7.0	114902
tt6105098	6.8	267101
tt6139732	6.9	290257
tt6146586	7.4	425991
tt6155172	7.7	169840
tt6166392	7.0	140458
tt6189022	6.4	110687
tt6226232	7.6	102694
tt6257970	8.0	220127
tt6264654	7.1	425935
tt6266538	7.2	162449
tt6277462	5.6	111631
tt6294822	7.2	162344
tt6315640	8.2	103568
tt6320628	7.4	557108
tt6334354	7.2	409818
tt6343314	7.1	155571
tt6394270	6.8	126936
tt6412452	7.2	168258
tt6443346	6.2	274104
tt6450804	6.2	193237
tt6468322	8.2	532379
tt6470478	8.0	113058
tt6499752	7.5	206868
tt6565702	5.7	205099
tt6628394	7.1	164687
tt6644200	7.5	583788
tt6710474	7.8	533367
tt6718170	7.0	236963
tt6723592	7.3	592956
tt6741278	8.7	204290
tt6751668	8.5	960045
tt6763664	8.5	288430
tt6791350	7.9	380823
tt6806448	6.5	236032
tt6823368	6.6	273018
tt6856242	6.3	173645
tt6857112	6.8	341303
tt6911608	6.6	109039
tt6966692	8.2	572545
tt7016936	8.1	135233
tt7040874	6.8	162685
tt7049682	8.2	134329
tt7069210	6.3	139077
tt7097896	5.9	259106
tt7126948	5.4	291852
tt7131622	7.6	848323
tt7137906	8.8	137893
tt7144666	6.9	194441
tt7146812	7.4	170087
tt7203552	8.2	129969
tt7221388	8.5	203820
tt7286456	8.4	1489782
tt7322224	7.3	178217
tt7335184	7.7	299940
tt7349662	7.5	291207
tt7349950	6.5	302128
tt7366338	9.3	865923
tt7395114	7.1	152703
tt7401588	7.3	119736
tt7405458	7.5	158615
tt7462410	7.2	137037
tt7493974	8.0	147960
tt7520794	7.7	107149
tt7556122	6.7	183762
tt7569592	7.4	108554
tt7599146	7.6	114264
tt7631058	7.0	352244
tt7653254	7.9	346516
tt7657124	8.4	167941
tt7657566	6.3	188700
tt7660850	8.8	273314
tt7668870	7.6	179998
tt7713068	6.1	264763
tt7737786	6.4	134684
tt7740496	7.0	165405
tt7752126	6.1	107874
tt7767422	8.3	351578
tt7784604	7.3	378373
tt7798634	6.9	182574
tt7846844	6.6	219633
tt7888964	7.4	324617
tt7908628	8.6	102821
tt7909970	8.3	119782
tt7939766	6.6	100093
tt7959026	7.0	152604
tt7975244	6.7	283456
tt7979580	7.6	126872
tt7984734	7.4	255138
tt7984766	7.3	152928
tt7991608	6.3	318102
tt8009428	7.3	144266
tt8041270	5.6	205348
tt8064302	7.9	100032
tt8079248	6.8	167808
tt8097030	7.0	152675
tt8106534	6.1	196593
tt8108198	8.2	102709
tt8110330	8.3	134743
tt8111088	8.7	587302
tt8134470	7.4	105866
tt8178634	7.8	167368
tt8228288	7.0	272689
tt8244784	6.5	128889
tt8267604	8.4	105454
tt8332922	7.2	273071
tt8367814	7.8	400886
tt8385148	6.1	107716
tt8398600	8.4	153338
tt8404614	7.6	133013
tt8420184	9.1	152269
tt8466564	7.1	229729
tt8503618	8.3	113865
tt8579674	8.2	675984
tt8580274	6.5	102403
tt8613070	8.1	109662
tt8721424	7.5	119669
tt8740790	7.4	168817
tt8760708	6.3	142584
tt8772262	7.1	403603
tt8772296	8.3	242085
tt8847712	7.1	150687
tt8936646	6.8	263092
tt8946378	7.9	774033
tt8962124	6.9	116680
tt9032400	6.3	386313
tt9071322	7.6	101917
tt9114286	6.7	305772
tt9140554	8.2	411629
tt9140560	7.9	370242
tt9208876	7.1	251901
tt9243804	6.6	118074
tt9243946	7.3	291870
tt9253284	8.4	165195
tt9288030	8.1	211834
tt9319668	7.3	108170
tt9335498	8.6	148097
tt9362722	8.6	370064
tt9376612	7.4	435783
tt9411972	7.2	121596
tt9419884	6.9	478437
tt9421570	6.3	148817
tt9484998	7.4	182803
tt9495224	7.1	136294
tt9561862	8.4	197228
tt9603212	7.7	247269
tt9620288	7.5	136609
tt9620292	7.5	211787
tt9639470	7.0	177114
tt9764362	7.2	392624
tt9770150	7.3	183497
tt9777666	6.6	227910
tt9893250	6.4	146164
tt9906260	9.7	126623
